{
  "model_name": "mobilenetv2_transfer",
  "metrics": {
    "accuracy": 0.043478260869565216,
    "precision_macro": 0.001890359168241966,
    "recall_macro": 0.043478260869565216,
    "f1_macro": 0.003623188405797101,
    "precision_per_class": [
      0.0,
      0.0,
      0.0,
      0.0,
      0.0,
      0.0,
      0.0,
      0.0,
      0.0,
      0.043478260869565216,
      0.0,
      0.0,
      0.0,
      0.0,
      0.0,
      0.0,
      0.0,
      0.0,
      0.0,
      0.0,
      0.0,
      0.0,
      0.0
    ],
    "recall_per_class": [
      0.0,
      0.0,
      0.0,
      0.0,
      0.0,
      0.0,
      0.0,
      0.0,
      0.0,
      1.0,
      0.0,
      0.0,
      0.0,
      0.0,
      0.0,
      0.0,
      0.0,
      0.0,
      0.0,
      0.0,
      0.0,
      0.0,
      0.0
    ],
    "f1_per_class": [
      0.0,
      0.0,
      0.0,
      0.0,
      0.0,
      0.0,
      0.0,
      0.0,
      0.0,
      0.08333333333333333,
      0.0,
      0.0,
      0.0,
      0.0,
      0.0,
      0.0,
      0.0,
      0.0,
      0.0,
      0.0,
      0.0,
      0.0,
      0.0
    ],
    "support_per_class": [
      375,
      375,
      375,
      375,
      375,
      375,
      375,
      375,
      375,
      375,
      375,
      375,
      375,
      375,
      375,
      375,
      375,
      375,
      375,
      375,
      375,
      375,
      375
    ],
    "classification_report": {
      "brick": {
        "precision": 0.0,
        "recall": 0.0,
        "f1-score": 0.0,
        "support": 375
      },
      "carpet": {
        "precision": 0.0,
        "recall": 0.0,
        "f1-score": 0.0,
        "support": 375
      },
      "ceramic": {
        "precision": 0.0,
        "recall": 0.0,
        "f1-score": 0.0,
        "support": 375
      },
      "fabric": {
        "precision": 0.0,
        "recall": 0.0,
        "f1-score": 0.0,
        "support": 375
      },
      "foliage": {
        "precision": 0.0,
        "recall": 0.0,
        "f1-score": 0.0,
        "support": 375
      },
      "food": {
        "precision": 0.0,
        "recall": 0.0,
        "f1-score": 0.0,
        "support": 375
      },
      "glass": {
        "precision": 0.0,
        "recall": 0.0,
        "f1-score": 0.0,
        "support": 375
      },
      "hair": {
        "precision": 0.0,
        "recall": 0.0,
        "f1-score": 0.0,
        "support": 375
      },
      "leather": {
        "precision": 0.0,
        "recall": 0.0,
        "f1-score": 0.0,
        "support": 375
      },
      "metal": {
        "precision": 0.043478260869565216,
        "recall": 1.0,
        "f1-score": 0.08333333333333333,
        "support": 375
      },
      "mirror": {
        "precision": 0.0,
        "recall": 0.0,
        "f1-score": 0.0,
        "support": 375
      },
      "other": {
        "precision": 0.0,
        "recall": 0.0,
        "f1-score": 0.0,
        "support": 375
      },
      "painted": {
        "precision": 0.0,
        "recall": 0.0,
        "f1-score": 0.0,
        "support": 375
      },
      "paper": {
        "precision": 0.0,
        "recall": 0.0,
        "f1-score": 0.0,
        "support": 375
      },
      "plastic": {
        "precision": 0.0,
        "recall": 0.0,
        "f1-score": 0.0,
        "support": 375
      },
      "polishedstone": {
        "precision": 0.0,
        "recall": 0.0,
        "f1-score": 0.0,
        "support": 375
      },
      "skin": {
        "precision": 0.0,
        "recall": 0.0,
        "f1-score": 0.0,
        "support": 375
      },
      "sky": {
        "precision": 0.0,
        "recall": 0.0,
        "f1-score": 0.0,
        "support": 375
      },
      "stone": {
        "precision": 0.0,
        "recall": 0.0,
        "f1-score": 0.0,
        "support": 375
      },
      "tile": {
        "precision": 0.0,
        "recall": 0.0,
        "f1-score": 0.0,
        "support": 375
      },
      "wallpaper": {
        "precision": 0.0,
        "recall": 0.0,
        "f1-score": 0.0,
        "support": 375
      },
      "water": {
        "precision": 0.0,
        "recall": 0.0,
        "f1-score": 0.0,
        "support": 375
      },
      "wood": {
        "precision": 0.0,
        "recall": 0.0,
        "f1-score": 0.0,
        "support": 375
      },
      "accuracy": 0.043478260869565216,
      "macro avg": {
        "precision": 0.001890359168241966,
        "recall": 0.043478260869565216,
        "f1-score": 0.003623188405797101,
        "support": 8625
      },
      "weighted avg": {
        "precision": 0.001890359168241966,
        "recall": 0.043478260869565216,
        "f1-score": 0.0036231884057971015,
        "support": 8625
      }
    }
  },